--
-- PostgreSQL database dump
--

-- Dumped from database version 14.5 (Debian 14.5-2.pgdg110+2)
-- Dumped by pg_dump version 14.5 (Debian 14.5-2.pgdg110+2)

SET statement_timeout = 0;
SET lock_timeout = 0;
SET idle_in_transaction_session_timeout = 0;
SET client_encoding = 'UTF8';
SET standard_conforming_strings = on;
SELECT pg_catalog.set_config('search_path', '', false);
SET check_function_bodies = false;
SET xmloption = content;
SET client_min_messages = warning;
SET row_security = off;

--
-- Name: lephora; Type: DATABASE; Schema: -; Owner: postgres
--


ALTER DATABASE lephora OWNER TO postgres;

\connect lephora

SET statement_timeout = 0;
SET lock_timeout = 0;
SET idle_in_transaction_session_timeout = 0;
SET client_encoding = 'UTF8';
SET standard_conforming_strings = on;
SELECT pg_catalog.set_config('search_path', '', false);
SET check_function_bodies = false;
SET xmloption = content;
SET client_min_messages = warning;
SET row_security = off;

--
-- Name: commodity_sku_seq; Type: SEQUENCE; Schema: public; Owner: postgres
--

CREATE SEQUENCE public.commodity_sku_seq
    START WITH 1
    INCREMENT BY 1
    NO MINVALUE
    NO MAXVALUE
    CACHE 1;


ALTER TABLE public.commodity_sku_seq OWNER TO postgres;

SET default_tablespace = '';

SET default_table_access_method = heap;

--
-- Name: commodity; Type: TABLE; Schema: public; Owner: postgres
--

CREATE TABLE public.commodity (
    sku text DEFAULT lpad((nextval('public.commodity_sku_seq'::regclass))::text, 6, '0'::text) NOT NULL,
    title text NOT NULL,
    description text,
    price numeric(10,2) DEFAULT 0.00,
    price_unit text DEFAULT 'RMB'::text NOT NULL,
    created_at timestamp with time zone NOT NULL,
    created_by text NOT NULL,
    last_modified_at timestamp with time zone NOT NULL,
    last_modified_by text NOT NULL
);


ALTER TABLE public.commodity OWNER TO postgres;

--
-- Name: commodity_image; Type: TABLE; Schema: public; Owner: postgres
--

CREATE TABLE public.commodity_image (
    id bigint NOT NULL,
    url text NOT NULL,
    commodity_sku text NOT NULL,
    alternative_text character varying(200)
);


ALTER TABLE public.commodity_image OWNER TO postgres;

--
-- Name: commodity_image_id_seq; Type: SEQUENCE; Schema: public; Owner: postgres
--

ALTER TABLE public.commodity_image ALTER COLUMN id ADD GENERATED BY DEFAULT AS IDENTITY (
    SEQUENCE NAME public.commodity_image_id_seq
    START WITH 1
    INCREMENT BY 1
    NO MINVALUE
    NO MAXVALUE
    CACHE 1
);


--
-- Name: customer_id_seq; Type: SEQUENCE; Schema: public; Owner: postgres
--

CREATE SEQUENCE public.customer_id_seq
    START WITH 1
    INCREMENT BY 1
    NO MINVALUE
    NO MAXVALUE
    CACHE 1;


ALTER TABLE public.customer_id_seq OWNER TO postgres;

--
-- Name: customer; Type: TABLE; Schema: public; Owner: postgres
--

CREATE TABLE public.customer (
    customer_id text DEFAULT lpad((nextval('public.customer_id_seq'::regclass))::text, 6, '0'::text) NOT NULL,
    created_at timestamp with time zone NOT NULL
);


ALTER TABLE public.customer OWNER TO postgres;

--
-- Name: flyway_schema_history; Type: TABLE; Schema: public; Owner: postgres
--

CREATE TABLE public.flyway_schema_history (
    installed_rank integer NOT NULL,
    version character varying(50),
    description character varying(200) NOT NULL,
    type character varying(20) NOT NULL,
    script character varying(1000) NOT NULL,
    checksum integer,
    installed_by character varying(100) NOT NULL,
    installed_on timestamp without time zone DEFAULT now() NOT NULL,
    execution_time integer NOT NULL,
    success boolean NOT NULL
);


ALTER TABLE public.flyway_schema_history OWNER TO postgres;

--
-- Name: lephora_order; Type: TABLE; Schema: public; Owner: postgres
--

CREATE TABLE public.lephora_order (
    id text NOT NULL,
    commodity_sku text NOT NULL,
    quantity bigint NOT NULL,
    price numeric(12,2) NOT NULL,
    price_unit text NOT NULL,
    order_status text NOT NULL,
    address text NOT NULL,
    full_name text NOT NULL,
    phone_number text NOT NULL,
    customer_id text NOT NULL,
    created_at timestamp with time zone NOT NULL,
    created_by text NOT NULL,
    last_modified_at timestamp with time zone NOT NULL,
    last_modified_by text NOT NULL
);


ALTER TABLE public.lephora_order OWNER TO postgres;

--
-- Data for Name: commodity; Type: TABLE DATA; Schema: public; Owner: postgres
--

INSERT INTO public.commodity (sku, title, description, price, price_unit, created_at, created_by, last_modified_at, last_modified_by) VALUES ('000001', 'thoughtworks product', 'thoughtworks product EA', 52.00, 'RMB', '2023-03-05 21:45:00.504+00', '000001', '2023-03-05 21:45:07.309+00', '000001');
INSERT INTO public.commodity (sku, title, description, price, price_unit, created_at, created_by, last_modified_at, last_modified_by) VALUES ('000002', 'thoughtworks product', 'thoughtworks product EA', 152.00, 'RMB', '2023-03-05 21:45:00.504+00', '000001', '2023-03-05 21:45:07.309+00', '000001');
INSERT INTO public.commodity (sku, title, description, price, price_unit, created_at, created_by, last_modified_at, last_modified_by) VALUES ('000003', 'thoughtworks product', 'thoughtworks product EA', 1152.90, 'RMB', '2023-03-05 21:45:00.504+00', '000001', '2023-03-05 21:45:07.309+00', '000001');
INSERT INTO public.commodity (sku, title, description, price, price_unit, created_at, created_by, last_modified_at, last_modified_by) VALUES ('000004', 'thoughtworks product', 'thoughtworks product EA', 52.00, 'RMB', '2023-03-05 21:45:00.504+00', '000002', '2023-03-05 21:45:07.309+00', '000002');
INSERT INTO public.commodity (sku, title, description, price, price_unit, created_at, created_by, last_modified_at, last_modified_by) VALUES ('000005', 'thoughtworks product', 'thoughtworks product EA', 152.00, 'RMB', '2023-03-05 21:45:00.504+00', '000002', '2023-03-05 21:45:07.309+00', '000001');
INSERT INTO public.commodity (sku, title, description, price, price_unit, created_at, created_by, last_modified_at, last_modified_by) VALUES ('000006', 'thoughtworks product', 'thoughtworks product EA', 1152.90, 'RMB', '2023-03-05 21:45:00.504+00', '000002', '2023-03-05 21:45:07.309+00', '000002');


--
-- Data for Name: commodity_image; Type: TABLE DATA; Schema: public; Owner: postgres
--

INSERT INTO public.commodity_image (id, url, commodity_sku, alternative_text) VALUES (1, 'https://thoughtworks.okta.com/fs/bco/1/fs01mng2b3qwVhCW70h8', '000001', 'tw image');
INSERT INTO public.commodity_image (id, url, commodity_sku, alternative_text) VALUES (2, 'https://thoughtworks.okta.com/fs/bco/1/fs01mng2b3qwVhCW70h8', '000001', 'tw image');
INSERT INTO public.commodity_image (id, url, commodity_sku, alternative_text) VALUES (3, 'https://thoughtworks.okta.com/fs/bco/1/fs01mng2b3qwVhCW70h8', '000001', 'tw image');
INSERT INTO public.commodity_image (id, url, commodity_sku, alternative_text) VALUES (4, 'https://thoughtworks.okta.com/fs/bco/1/fs01mng2b3qwVhCW70h8', '000002', 'tw image');
INSERT INTO public.commodity_image (id, url, commodity_sku, alternative_text) VALUES (5, 'https://thoughtworks.okta.com/fs/bco/1/fs01mng2b3qwVhCW70h8', '000002', 'tw image');
INSERT INTO public.commodity_image (id, url, commodity_sku, alternative_text) VALUES (6, 'https://thoughtworks.okta.com/fs/bco/1/fs01mng2b3qwVhCW70h8', '000003', 'tw image');
INSERT INTO public.commodity_image (id, url, commodity_sku, alternative_text) VALUES (7, 'https://thoughtworks.okta.com/fs/bco/1/fs01mng2b3qwVhCW70h8', '000004', 'tw image');
INSERT INTO public.commodity_image (id, url, commodity_sku, alternative_text) VALUES (8, 'https://thoughtworks.okta.com/fs/bco/1/fs01mng2b3qwVhCW70h8', '000004', 'tw image');
INSERT INTO public.commodity_image (id, url, commodity_sku, alternative_text) VALUES (9, 'https://thoughtworks.okta.com/fs/bco/1/fs01mng2b3qwVhCW70h8', '000004', 'tw image');
INSERT INTO public.commodity_image (id, url, commodity_sku, alternative_text) VALUES (10, 'https://thoughtworks.okta.com/fs/bco/1/fs01mng2b3qwVhCW70h8', '000005', 'tw image');


--
-- Data for Name: customer; Type: TABLE DATA; Schema: public; Owner: postgres
--

INSERT INTO public.customer (customer_id, created_at) VALUES ('000001', '2023-03-05 21:42:27.092+00');
INSERT INTO public.customer (customer_id, created_at) VALUES ('000002', '2023-03-06 21:42:37.321+00');


--
-- Data for Name: flyway_schema_history; Type: TABLE DATA; Schema: public; Owner: postgres
--

INSERT INTO public.flyway_schema_history (installed_rank, version, description, type, script, checksum, installed_by, installed_on, execution_time, success) VALUES (1, '001', 'create init table', 'SQL', 'V001__create_init_table.sql', -1778737749, 'postgres', '2023-03-05 21:41:09.388102', 10, true);
INSERT INTO public.flyway_schema_history (installed_rank, version, description, type, script, checksum, installed_by, installed_on, execution_time, success) VALUES (2, '002', 'drop init table and create commodity table', 'SQL', 'V002__drop_init_table_and_create_commodity_table.sql', 1915771759, 'postgres', '2023-03-05 21:41:09.422067', 17, true);
INSERT INTO public.flyway_schema_history (installed_rank, version, description, type, script, checksum, installed_by, installed_on, execution_time, success) VALUES (3, '003', 'create commodity image table', 'SQL', 'V003__create_commodity_image_table.sql', 436304973, 'postgres', '2023-03-05 21:41:09.460696', 15, true);
INSERT INTO public.flyway_schema_history (installed_rank, version, description, type, script, checksum, installed_by, installed_on, execution_time, success) VALUES (4, '004', 'create order table', 'SQL', 'V004__create_order_table.sql', 422549434, 'postgres', '2023-03-05 21:41:09.494881', 11, true);
INSERT INTO public.flyway_schema_history (installed_rank, version, description, type, script, checksum, installed_by, installed_on, execution_time, success) VALUES (5, '005', 'create customer table', 'SQL', 'V005__create_customer_table.sql', -1536119815, 'postgres', '2023-03-05 21:41:09.524357', 13, true);


--
-- Data for Name: lephora_order; Type: TABLE DATA; Schema: public; Owner: postgres
--

INSERT INTO public.lephora_order (id, commodity_sku, quantity, price, price_unit, order_status, address, full_name, phone_number, customer_id, created_at, created_by, last_modified_at, last_modified_by) VALUES ('000099230000', '000001', 10, 520.00, 'RMB', 'WAITING_FOR_PAY', 'Shanghai Thoughtworks', 'Bob, Liu', '13411011010', '000001', '2023-03-05 13:52:06.379089+00', '000001', '2023-03-05 13:52:06.379089+00', '000001');
INSERT INTO public.lephora_order (id, commodity_sku, quantity, price, price_unit, order_status, address, full_name, phone_number, customer_id, created_at, created_by, last_modified_at, last_modified_by) VALUES ('000058020000', '000002', 11, 1672.00, 'RMB', 'WAITING_FOR_PAY', 'Shanghai Thoughtworks', 'Bob, Liu', '13411011010', '000002', '2023-03-05 13:52:19.142096+00', '000002', '2023-03-05 13:52:19.142096+00', '000002');
INSERT INTO public.lephora_order (id, commodity_sku, quantity, price, price_unit, order_status, address, full_name, phone_number, customer_id, created_at, created_by, last_modified_at, last_modified_by) VALUES ('000045460000', '000005', 2, 304.00, 'RMB', 'WAITING_FOR_PAY', 'Shanghai Thoughtworks', 'Bob, Liu', '13411011010', '000002', '2023-03-05 13:52:43.099835+00', '000002', '2023-03-05 13:52:43.099835+00', '000002');
INSERT INTO public.lephora_order (id, commodity_sku, quantity, price, price_unit, order_status, address, full_name, phone_number, customer_id, created_at, created_by, last_modified_at, last_modified_by) VALUES ('000004660000', '000005', 2, 304.00, 'RMB', 'WAITING_FOR_PAY', 'Shanghai Thoughtworks', 'Bob, Liu', '13411011010', '000002', '2023-03-05 13:52:49.94678+00', '000002', '2023-03-05 13:52:49.94678+00', '000002');
INSERT INTO public.lephora_order (id, commodity_sku, quantity, price, price_unit, order_status, address, full_name, phone_number, customer_id, created_at, created_by, last_modified_at, last_modified_by) VALUES ('000027980000', '000006', 2, 2305.80, 'RMB', 'WAITING_FOR_PAY', 'Shanghai Thoughtworks', 'Bob, Liu', '13411011010', '000002', '2023-03-05 13:54:24.013461+00', '000002', '2023-03-05 13:54:24.013461+00', '000002');
INSERT INTO public.lephora_order (id, commodity_sku, quantity, price, price_unit, order_status, address, full_name, phone_number, customer_id, created_at, created_by, last_modified_at, last_modified_by) VALUES ('000011680000', '000002', 2, 304.00, 'RMB', 'WAITING_FOR_PAY', 'Shanghai Thoughtworks', 'Bob, Liu', '13411011010', '000002', '2023-03-05 13:54:30.911927+00', '000002', '2023-03-05 13:54:30.911927+00', '000002');
INSERT INTO public.lephora_order (id, commodity_sku, quantity, price, price_unit, order_status, address, full_name, phone_number, customer_id, created_at, created_by, last_modified_at, last_modified_by) VALUES ('000046550000', '000002', 2, 304.00, 'RMB', 'WAITING_FOR_PAY', 'Shanghai Thoughtworks', 'Bob, Liu', '13411011010', '000002', '2023-03-05 13:54:32.130881+00', '000002', '2023-03-05 13:54:32.130881+00', '000002');
INSERT INTO public.lephora_order (id, commodity_sku, quantity, price, price_unit, order_status, address, full_name, phone_number, customer_id, created_at, created_by, last_modified_at, last_modified_by) VALUES ('000080670000', '000002', 2, 304.00, 'RMB', 'WAITING_FOR_PAY', 'Shanghai Thoughtworks', 'Bob, Liu', '13411011010', '000002', '2023-03-05 13:54:33.30469+00', '000002', '2023-03-05 13:54:33.30469+00', '000002');
INSERT INTO public.lephora_order (id, commodity_sku, quantity, price, price_unit, order_status, address, full_name, phone_number, customer_id, created_at, created_by, last_modified_at, last_modified_by) VALUES ('000067600000', '000006', 9, 10376.10, 'RMB', 'WAITING_FOR_PAY', 'Shanghai Thoughtworks', 'Bob, Liu', '13411011010', '000002', '2023-03-05 14:11:29.972024+00', '000002', '2023-03-05 14:11:29.972024+00', '000002');
INSERT INTO public.lephora_order (id, commodity_sku, quantity, price, price_unit, order_status, address, full_name, phone_number, customer_id, created_at, created_by, last_modified_at, last_modified_by) VALUES ('000003650000', '000006', 11, 12681.90, 'RMB', 'WAITING_FOR_PAY', 'Shanghai Thoughtworks', 'Bob, Liu', '13411011010', '000002', '2023-03-05 14:11:47.806898+00', '000002', '2023-03-05 14:11:47.806898+00', '000002');


--
-- Name: commodity_image_id_seq; Type: SEQUENCE SET; Schema: public; Owner: postgres
--

SELECT pg_catalog.setval('public.commodity_image_id_seq', 1, false);


--
-- Name: commodity_sku_seq; Type: SEQUENCE SET; Schema: public; Owner: postgres
--

SELECT pg_catalog.setval('public.commodity_sku_seq', 1, false);


--
-- Name: customer_id_seq; Type: SEQUENCE SET; Schema: public; Owner: postgres
--

SELECT pg_catalog.setval('public.customer_id_seq', 1, false);


--
-- Name: commodity_image commodity_image_pkey; Type: CONSTRAINT; Schema: public; Owner: postgres
--

ALTER TABLE ONLY public.commodity_image
    ADD CONSTRAINT commodity_image_pkey PRIMARY KEY (id);


--
-- Name: commodity commodity_pkey; Type: CONSTRAINT; Schema: public; Owner: postgres
--

ALTER TABLE ONLY public.commodity
    ADD CONSTRAINT commodity_pkey PRIMARY KEY (sku);


--
-- Name: customer customer_pkey; Type: CONSTRAINT; Schema: public; Owner: postgres
--

ALTER TABLE ONLY public.customer
    ADD CONSTRAINT customer_pkey PRIMARY KEY (customer_id);


--
-- Name: flyway_schema_history flyway_schema_history_pk; Type: CONSTRAINT; Schema: public; Owner: postgres
--

ALTER TABLE ONLY public.flyway_schema_history
    ADD CONSTRAINT flyway_schema_history_pk PRIMARY KEY (installed_rank);


--
-- Name: lephora_order lephora_order_pkey; Type: CONSTRAINT; Schema: public; Owner: postgres
--

ALTER TABLE ONLY public.lephora_order
    ADD CONSTRAINT lephora_order_pkey PRIMARY KEY (id);


--
-- Name: flyway_schema_history_s_idx; Type: INDEX; Schema: public; Owner: postgres
--

CREATE INDEX flyway_schema_history_s_idx ON public.flyway_schema_history USING btree (success);


--
-- Name: commodity_image fkf37hd6a9opqt363t60ey7vu6y; Type: FK CONSTRAINT; Schema: public; Owner: postgres
--

ALTER TABLE ONLY public.commodity_image
    ADD CONSTRAINT fkf37hd6a9opqt363t60ey7vu6y FOREIGN KEY (commodity_sku) REFERENCES public.commodity(sku);


--
-- PostgreSQL database dump complete
--

